"=HYPERLINK(""https://beta.lmfdb.org/knowledge/show/modcurve.label"", ""label"")","=HYPERLINK(""https://beta.lmfdb.org/knowledge/show/modcurve.other_labels"", ""RSZBlabel"")","=HYPERLINK(""https://beta.lmfdb.org/knowledge/show/modcurve.other_labels"", ""RZBlabel"")","=HYPERLINK(""https://beta.lmfdb.org/knowledge/show/modcurve.other_labels"", ""CPlabel"")","=HYPERLINK(""https://beta.lmfdb.org/knowledge/show/modcurve.other_labels"", ""SZlabel"")","=HYPERLINK(""https://beta.lmfdb.org/knowledge/show/modcurve.other_labels"", ""Slabel"")","=HYPERLINK(""https://beta.lmfdb.org/knowledge/show/modcurve.standard"", ""name"")","=HYPERLINK(""https://beta.lmfdb.org/knowledge/show/modcurve.level"", ""level"")","=HYPERLINK(""https://beta.lmfdb.org/knowledge/show/modcurve.index"", ""index"")","=HYPERLINK(""https://beta.lmfdb.org/knowledge/show/modcurve.genus"", ""genus"")","=HYPERLINK(""https://beta.lmfdb.org/knowledge/show/modcurve.gonality"", ""q_gonality_bounds"")","=HYPERLINK(""https://beta.lmfdb.org/knowledge/show/modcurve.cusps"", ""cusps"")","=HYPERLINK(""https://beta.lmfdb.org/knowledge/show/modcurve.cusps"", ""rational_cusps"")","=HYPERLINK(""https://beta.lmfdb.org/knowledge/show/modcurve.cm_discriminants"", ""cm_discriminants"")","=HYPERLINK(""https://beta.lmfdb.org/knowledge/show/ag.conductor"", ""conductor"")","=HYPERLINK(""https://beta.lmfdb.org/knowledge/show/modcurve.simple"", ""simple"")","=HYPERLINK(""https://beta.lmfdb.org/knowledge/show/av.squarefree"", ""squarefree"")","=HYPERLINK(""https://beta.lmfdb.org/knowledge/show/modcurve.contains_negative_one"", ""contains_negative_one"")","=HYPERLINK(""https://beta.lmfdb.org/knowledge/show/modcurve.decomposition"", ""dims"")","=HYPERLINK(""https://beta.lmfdb.org/knowledge/show/modcurve.models"", ""models"")","=HYPERLINK(""https://beta.lmfdb.org/knowledge/show/modcurve.known_points"", ""num_known_degree1_points"")","=HYPERLINK(""https://beta.lmfdb.org/knowledge/show/modcurve.local_obstruction"", ""pointless"")","=HYPERLINK(""https://beta.lmfdb.org/knowledge/show/modcurve.level_structure"", ""generators"")"
13.78.3.a.1,13.78.3.1,,13A3,,13Nn,Xns+(13),13,78,3,"[3, 3]",6,0,"[-7, -8, -11, -19, -28, -67, -163]","[[13, 6]]",True,True,True,"[[3], [1]]",1,7,False,"[[0, 12, 11, 0], [1, 8, 2, 12]]"
13.91.3.a.1,13.91.3.2,,13B3,,13S4,XS4(13),13,91,3,"[3, 3]",7,0,[-3],"[[13, 6]]",True,True,True,"[[3], [1]]",1,3,False,"[[3, 2, 11, 5], [11, 7, 1, 2]]"
13.91.3.b.1,13.91.3.1,,13C3,,13Ns,Xsp+(13),13,91,3,"[3, 3]",7,1,"[-3, -4, -12, -16, -27, -43]","[[13, 6]]",True,True,True,"[[3], [1]]",1,7,False,"[[0, 6, 8, 0], [6, 0, 0, 3]]"
20.80.3.d.1,20.80.3.1,,20O3,,,Xns+(20),20,80,3,"[2, 2]",4,0,"[-3, -27, -43, -67, -163]","[[2, 12], [5, 6]]",False,True,True,"[[1, 1, 1], [1, 1, 1]]",3,5,False,"[[12, 9, 11, 3], [17, 9, 12, 3], [18, 19, 1, 2]]"
24.72.3.eu.1,24.72.3.86,,12G3,,,,24,72,3,"[4, 4]",8,0,[],"[[2, 18], [3, 6]]",False,False,True,"[[1, 1], [1, 2]]",3,0,,"[[1, 18, 12, 23], [5, 16, 4, 19], [17, 23, 22, 5], [19, 22, 20, 19]]"
24.72.3.gn.1,24.72.3.112,,12G3,,,,24,72,3,"[4, 4]",8,0,[],"[[2, 18], [3, 6]]",False,False,True,"[[1, 1], [1, 2]]",3,0,True,"[[19, 1, 22, 17], [23, 15, 6, 11], [23, 21, 12, 1]]"
24.72.3.ma.1,24.72.3.104,,12G3,,,,24,72,3,"[4, 4]",8,0,[],"[[2, 18], [3, 6]]",False,False,True,"[[1, 1], [1, 2]]",3,0,True,"[[3, 1, 16, 3], [7, 18, 18, 17], [7, 20, 8, 17]]"
24.72.3.rs.1,24.72.3.82,,12G3,,,,24,72,3,"[4, 4]",8,0,[],"[[2, 18], [3, 6]]",False,False,True,"[[1, 1], [1, 2]]",3,0,True,"[[1, 20, 8, 23], [19, 10, 8, 1], [21, 11, 2, 9], [23, 22, 16, 1]]"
24.96.3.iz.1,24.96.3.96,,24AB3,,,Xns+(24),24,96,3,"[2, 3]",4,0,"[-3, -19, -43, -67, -163]","[[2, 18], [3, 6]]",False,True,True,"[[1, 1, 1], [1, 1, 1]]",1,0,False,"[[14, 17, 23, 10], [18, 5, 23, 13], [19, 2, 14, 17], [19, 7, 16, 5]]"
30.60.3.r.1,30.60.3.7,,30H3,,,,30,60,3,"[2, 3]",2,0,"[-3, -7, -43, -67, -163]","[[2, 4], [3, 6], [5, 6]]",False,True,True,"[[1, 1, 1], [1, 1, 1]]",1,0,False,"[[2, 27, 27, 28], [3, 1, 23, 12], [5, 2, 28, 5], [23, 24, 0, 17]]"
32.96.3.bh.1,32.96.3.230,X619,16P3,,,,32,96,3,"[2, 3]",10,2,[-28],"[[2, 28]]",False,True,True,"[[1, 2], [1, 1]]",1,2,False,"[[7, 7, 16, 9], [13, 22, 0, 17], [19, 1, 26, 29], [27, 12, 24, 3]]"
32.96.3.bj.1,32.96.3.235,X634,16P3,,,,32,96,3,"[2, 3]",10,0,[-4],"[[2, 28]]",False,True,True,"[[1, 2], [1, 1]]",1,0,False,"[[15, 20, 22, 17], [21, 18, 12, 9], [25, 29, 12, 23], [31, 30, 28, 27]]"
32.96.3.bl.1,32.96.3.241,X641,16Q3,,,,32,96,3,"[2, 3]",10,0,[-12],"[[2, 28]]",False,True,True,"[[1, 2], [1, 1]]",1,0,False,"[[15, 0, 2, 17], [15, 18, 16, 11], [23, 1, 12, 21], [29, 12, 30, 3]]"
32.96.3.bo.1,32.96.3.236,X637,32P3,,,,32,96,3,"[2, 3]",10,0,[-4],"[[2, 28]]",False,True,True,"[[1, 2], [1, 1]]",1,0,False,"[[1, 5, 28, 15], [21, 15, 18, 3], [29, 25, 14, 15], [31, 16, 8, 23]]"
32.96.3.br.1,32.96.3.25,X633,32Q3,,,,32,96,3,"[2, 3]",10,0,[-3],"[[2, 28]]",False,True,True,"[[1, 2], [1, 1]]",1,0,False,"[[1, 1, 26, 31], [15, 19, 2, 1], [21, 11, 8, 11], [21, 19, 20, 27]]"
32.96.3.bs.1,32.96.3.82,X649,32P3,,,,32,96,3,"[2, 3]",10,2,[-7],"[[2, 28]]",False,True,True,"[[1, 2], [1, 1]]",1,2,False,"[[1, 12, 14, 15], [5, 29, 16, 27], [7, 8, 20, 27], [23, 27, 4, 25]]"
32.96.3.bx.1,32.96.3.231,X628,32L3,,,,32,96,3,"[3, 3]",4,2,[-28],"[[2, 28]]",False,True,True,"[[1, 2], [1, 1]]",1,1,False,"[[5, 10, 16, 17], [11, 14, 10, 21], [13, 13, 8, 3], [23, 6, 24, 3]]"
32.96.3.ca.1,32.96.3.242,X650,32L3,,,,32,96,3,"[3, 3]",4,0,[-12],"[[2, 28]]",False,True,True,"[[1, 2], [1, 1]]",1,0,False,"[[11, 25, 20, 9], [15, 5, 30, 17], [17, 1, 18, 15], [29, 4, 30, 11]]"
32.96.3.cb.1,32.96.3.27,X626,32L3,,,,32,96,3,"[3, 3]",4,0,[-3],"[[2, 28]]",False,True,True,"[[1, 2], [1, 1]]",1,0,False,"[[7, 22, 2, 13], [9, 29, 10, 23], [11, 27, 6, 5], [21, 31, 16, 11]]"
32.96.3.cc.1,32.96.3.84,X654,32L3,,,,32,96,3,"[3, 3]",4,2,[-7],"[[2, 28]]",False,True,True,"[[1, 2], [1, 1]]",1,1,False,"[[1, 24, 4, 21], [7, 24, 18, 25], [19, 23, 24, 5], [25, 25, 4, 7]]"
40.72.3.bv.1,40.72.3.162,,20J3,,,,40,72,3,"[4, 4]",8,0,[],"[[2, 16], [5, 5]]",False,True,True,"[[1, 1, 1], [1, 1, 1]]",3,0,,"[[3, 19, 16, 1], [5, 12, 34, 33], [17, 19, 38, 23], [35, 36, 6, 5]]"
40.72.3.p.1,40.72.3.163,,20J3,,,,40,72,3,"[4, 4]",8,0,[],"[[2, 16], [5, 5]]",False,True,True,"[[1, 1, 1], [1, 1, 1]]",3,0,,"[[5, 9, 26, 3], [7, 9, 8, 33], [23, 9, 36, 21], [27, 32, 24, 25]]"
40.80.3.b.1,40.80.3.2,,20O3,,,,40,80,3,"[4, 4]",4,0,[],"[[2, 14], [5, 6]]",False,True,True,"[[1, 1, 1], [1, 1, 1]]",3,0,True,"[[4, 3, 7, 36], [9, 5, 26, 11], [10, 9, 11, 11], [37, 31, 24, 3]]"
40.80.3.c.1,40.80.3.4,,20O3,,,,40,80,3,"[2, 2]",4,0,[],"[[2, 14], [5, 6]]",False,True,True,"[[1, 1, 1], [1, 1, 1]]",3,0,,"[[19, 12, 23, 37], [19, 34, 30, 21], [29, 31, 7, 36], [33, 1, 33, 22]]"
40.96.3.bk.1,40.96.3.186,,8B3,,,,40,96,3,"[2, 2]",12,0,[],"[[2, 17], [5, 6]]",False,True,True,"[[1, 2], [1, 1]]",3,1,,"[[1, 2, 10, 3], [5, 8, 34, 37], [7, 38, 22, 37], [21, 32, 14, 1]]"
40.96.3.bm.1,40.96.3.178,,8B3,,,,40,96,3,"[4, 4]",12,0,[],"[[2, 17], [5, 6]]",False,True,True,"[[1, 2], [1, 1]]",3,0,True,"[[1, 0, 10, 33], [3, 32, 14, 7], [13, 8, 16, 33], [39, 6, 22, 5]]"
40.192.3-40.bk.1.1,40.192.3.595,,8B3,,,,40,192,3,"[2, 2]",12,0,[],"[[2, 17], [5, 6]]",False,True,False,"[[1, 2], [1, 1]]",,1,,"[[1, 26, 34, 31], [17, 8, 16, 21], [25, 26, 24, 11]]"
40.192.3-40.bk.1.2,40.192.3.653,,8B3,,,,40,192,3,"[2, 2]",12,0,[],"[[2, 17], [5, 6]]",False,True,False,"[[1, 2], [1, 1]]",,1,,"[[5, 32, 14, 29], [15, 8, 14, 11], [39, 6, 14, 9]]"
40.192.3-40.bk.1.3,40.192.3.617,,8B3,,,,40,192,3,"[2, 2]",12,0,[],"[[2, 17], [5, 6]]",False,True,False,"[[1, 2], [1, 1]]",,1,,"[[29, 10, 16, 31], [29, 18, 30, 7], [35, 22, 32, 37]]"
40.192.3-40.bk.1.4,40.192.3.569,,8B3,,,,40,192,3,"[2, 2]",12,0,[],"[[2, 17], [5, 6]]",False,True,False,"[[1, 2], [1, 1]]",,1,,"[[21, 2, 38, 3], [27, 16, 34, 3], [39, 32, 18, 27]]"
40.192.3-40.bk.1.5,40.192.3.604,,8B3,,,,40,192,3,"[2, 2]",12,0,[],"[[2, 17], [5, 6]]",False,True,False,"[[1, 2], [1, 1]]",,1,,"[[1, 8, 4, 13], [19, 22, 10, 17], [21, 8, 10, 13]]"
40.192.3-40.bk.1.6,40.192.3.650,,8B3,,,,40,192,3,"[2, 2]",12,0,[],"[[2, 17], [5, 6]]",False,True,False,"[[1, 2], [1, 1]]",,1,,"[[7, 32, 38, 27], [13, 2, 24, 39], [27, 14, 0, 13]]"
40.192.3-40.bk.1.7,40.192.3.622,,8B3,,,,40,192,3,"[2, 2]",12,0,[],"[[2, 17], [5, 6]]",False,True,False,"[[1, 2], [1, 1]]",,1,,"[[1, 8, 2, 29], [5, 34, 18, 19], [31, 30, 4, 29]]"
40.192.3-40.bk.1.8,40.192.3.562,,8B3,,,,40,192,3,"[2, 2]",12,0,[],"[[2, 17], [5, 6]]",False,True,False,"[[1, 2], [1, 1]]",,1,,"[[19, 22, 22, 9], [21, 26, 32, 3], [23, 8, 14, 35]]"
40.192.3-40.bm.1.1,40.192.3.587,,8B3,,,,40,192,3,"[4, 4]",12,0,[],"[[2, 17], [5, 6]]",False,True,False,"[[1, 2], [1, 1]]",,0,True,"[[9, 32, 18, 1], [25, 18, 6, 27], [33, 18, 38, 39]]"
40.192.3-40.bm.1.2,40.192.3.580,,8B3,,,,40,192,3,"[4, 4]",12,0,[],"[[2, 17], [5, 6]]",False,True,False,"[[1, 2], [1, 1]]",,0,True,"[[9, 24, 14, 17], [13, 24, 38, 33], [39, 30, 28, 1]]"
40.192.3-40.bm.1.3,40.192.3.641,,8B3,,,,40,192,3,"[4, 4]",12,0,[],"[[2, 17], [5, 6]]",False,True,False,"[[1, 2], [1, 1]]",,0,True,"[[7, 6, 4, 5], [33, 2, 34, 27], [35, 38, 14, 13]]"
40.192.3-40.bm.1.4,40.192.3.646,,8B3,,,,40,192,3,"[4, 4]",12,0,[],"[[2, 17], [5, 6]]",False,True,False,"[[1, 2], [1, 1]]",,0,True,"[[5, 2, 26, 11], [11, 32, 12, 23], [35, 6, 4, 21]]"
40.192.3-40.bm.1.5,40.192.3.610,,8B3,,,,40,192,3,"[4, 4]",12,0,[],"[[2, 17], [5, 6]]",False,True,False,"[[1, 2], [1, 1]]",,0,True,"[[19, 0, 14, 3], [25, 2, 12, 19], [35, 24, 4, 15]]"
40.192.3-40.bm.1.6,40.192.3.613,,8B3,,,,40,192,3,"[4, 4]",12,0,[],"[[2, 17], [5, 6]]",False,True,False,"[[1, 2], [1, 1]]",,0,True,"[[17, 18, 10, 31], [31, 0, 34, 7], [39, 38, 22, 21]]"
40.192.3-40.bm.1.7,40.192.3.545,,8B3,,,,40,192,3,"[4, 4]",12,0,[],"[[2, 17], [5, 6]]",False,True,False,"[[1, 2], [1, 1]]",,0,True,"[[19, 22, 24, 1], [19, 32, 34, 19], [35, 22, 8, 21]]"
40.192.3-40.bm.1.8,40.192.3.554,,8B3,,,,40,192,3,"[4, 4]",12,0,[],"[[2, 17], [5, 6]]",False,True,False,"[[1, 2], [1, 1]]",,0,True,"[[5, 26, 16, 27], [19, 30, 18, 13], [31, 32, 6, 15]]"
42.42.3.a.1,42.42.3.1,,14A3,,,,42,42,3,"[2, 2]",3,0,"[-3, -4]","[[2, 6], [3, 6], [7, 6]]",False,True,True,"[[1, 2], [1, 1]]",3,0,False,"[[12, 11, 11, 36], [19, 38, 3, 23], [27, 8, 35, 29]]"
42.56.3.a.1,42.56.3.1,,14C3,,,,42,56,3,"[2, 2]",4,1,"[-3, -27]","[[2, 6], [3, 6], [7, 6]]",False,True,True,"[[1, 2], [1, 1]]",3,1,False,"[[18, 41, 7, 31], [31, 1, 22, 15], [35, 3, 39, 14]]"
45.45.3.a.1,45.45.3.1,,45A3,,,,45,45,3,"[3, 3]",1,1,[-11],"[[3, 10], [5, 6]]",False,True,True,"[[1, 2], [1, 1]]",,0,False,"[[9, 11, 44, 0], [13, 25, 38, 1], [20, 19, 4, 43]]"
48.48.3.dx.1,48.48.3.149,,16A3,,,,48,48,3,"[3, 4]",4,0,[],"[[2, 22], [3, 4]]",False,True,True,"[[1, 1, 1], [1, 1, 1]]",1,0,,"[[7, 24, 46, 37], [17, 11, 10, 23], [31, 19, 38, 1], [45, 17, 38, 3]]"
48.48.3.dx.2,48.48.3.133,,16A3,,,,48,48,3,"[3, 3]",4,0,[-3],"[[2, 22], [3, 4]]",False,True,True,"[[1, 1, 1], [1, 1, 1]]",1,0,False,"[[11, 24, 36, 23], [25, 25, 38, 31], [41, 42, 42, 11], [47, 25, 6, 1]]"
48.48.3.eb.1,48.48.3.134,,16A3,,,,48,48,3,"[3, 3]",4,0,[-12],"[[2, 22], [3, 4]]",False,True,True,"[[1, 1, 1], [1, 1, 1]]",1,0,False,"[[1, 14, 32, 29], [21, 38, 14, 35], [31, 9, 44, 37], [43, 33, 8, 1]]"
48.48.3.eb.2,48.48.3.150,,16A3,,,,48,48,3,"[3, 4]",4,0,[],"[[2, 22], [3, 4]]",False,True,True,"[[1, 1, 1], [1, 1, 1]]",1,0,,"[[9, 29, 2, 23], [15, 1, 22, 41], [17, 3, 16, 11], [43, 5, 26, 21]]"
48.48.3.eh.1,48.48.3.4,,16C3,,,,48,48,3,"[4, 4]",4,0,[],"[[2, 24], [3, 6]]",False,True,True,"[[1, 2], [1, 1]]",3,0,True,"[[1, 3, 40, 43], [7, 0, 32, 47], [17, 1, 38, 47], [33, 1, 2, 7]]"
48.48.3.ei.1,48.48.3.7,,16C3,,,,48,48,3,"[2, 2]",4,2,[],"[[2, 24], [3, 6]]",False,True,True,"[[1, 2], [1, 1]]",3,1,False,"[[5, 39, 20, 7], [7, 1, 18, 41], [23, 37, 6, 17], [31, 28, 40, 39]]"
48.48.3.ej.1,48.48.3.28,,16C3,,,,48,48,3,"[2, 2]",4,2,[],"[[2, 24], [3, 6]]",False,True,True,"[[1, 2], [1, 1]]",3,1,False,"[[1, 22, 38, 15], [29, 9, 46, 11], [31, 12, 8, 31], [35, 15, 16, 5], [47, 43, 8, 17]]"
48.48.3.ek.1,48.48.3.25,,16C3,,,,48,48,3,"[2, 2]",4,2,[],"[[2, 24], [3, 6]]",False,True,True,"[[1, 2], [1, 1]]",3,1,False,"[[23, 37, 40, 13], [27, 7, 16, 29], [29, 40, 16, 21], [35, 13, 14, 29]]"
48.48.3.ff.1,48.48.3.130,,16C3,,,,48,48,3,"[2, 2]",4,0,[-3],"[[2, 24], [3, 4]]",False,True,True,"[[1, 2], [1, 1]]",3,0,False,"[[17, 7, 28, 19], [19, 34, 14, 9], [29, 37, 34, 19], [47, 42, 12, 31]]"
48.48.3.fg.1,48.48.3.145,,16C3,,,,48,48,3,"[4, 4]",4,0,[],"[[2, 24], [3, 4]]",False,True,True,"[[1, 2], [1, 1]]",3,0,,"[[27, 8, 10, 5], [35, 11, 44, 45], [37, 19, 30, 43], [41, 16, 2, 27]]"
48.48.3.fh.1,48.48.3.131,,16C3,,,,48,48,3,"[4, 4]",4,0,[],"[[2, 24], [3, 4]]",False,True,True,"[[1, 2], [1, 1]]",3,0,True,"[[13, 40, 14, 27], [15, 13, 32, 5], [43, 35, 36, 5], [45, 20, 44, 9]]"
48.48.3.fi.1,48.48.3.148,,16C3,,,,48,48,3,"[4, 4]",4,0,[],"[[2, 24], [3, 4]]",False,True,True,"[[1, 2], [1, 1]]",3,0,,"[[1, 7, 42, 7], [35, 11, 36, 13], [37, 36, 4, 17], [41, 40, 30, 7]]"
48.48.3.fn.1,48.48.3.147,,16C3,,,,48,48,3,"[4, 4]",4,0,[],"[[2, 24], [3, 4]]",False,True,True,"[[1, 2], [1, 1]]",3,0,,"[[1, 44, 12, 5], [3, 1, 40, 17], [15, 14, 14, 21], [33, 43, 22, 15]]"
48.48.3.fo.1,48.48.3.132,,16C3,,,,48,48,3,"[2, 2]",4,0,[-12],"[[2, 24], [3, 4]]",False,True,True,"[[1, 2], [1, 1]]",3,0,False,"[[5, 14, 38, 27], [5, 39, 12, 47], [11, 24, 20, 7], [29, 31, 18, 19]]"
48.48.3.fp.1,48.48.3.146,,16C3,,,,48,48,3,"[4, 4]",4,0,[],"[[2, 24], [3, 4]]",False,True,True,"[[1, 2], [1, 1]]",3,0,,"[[27, 34, 4, 35], [37, 18, 6, 43], [43, 31, 14, 37], [45, 41, 14, 3]]"
48.48.3.fq.1,48.48.3.129,,16C3,,,,48,48,3,"[4, 4]",4,0,[],"[[2, 24], [3, 4]]",False,True,True,"[[1, 2], [1, 1]]",3,0,True,"[[15, 10, 34, 29], [25, 20, 4, 21], [33, 22, 40, 29], [47, 15, 40, 37]]"
48.48.3.fr.1,48.48.3.31,,16C3,,,,48,48,3,"[2, 2]",4,0,[-12],"[[2, 24], [3, 6]]",False,True,True,"[[1, 2], [1, 1]]",3,0,False,"[[11, 33, 22, 29], [13, 30, 16, 17], [17, 19, 18, 31], [23, 17, 4, 45], [47, 45, 12, 29]]"
48.48.3.fs.1,48.48.3.30,,16C3,,,,48,48,3,"[4, 4]",4,0,[],"[[2, 24], [3, 6]]",False,True,True,"[[1, 2], [1, 1]]",3,0,True,"[[11, 12, 24, 19], [11, 16, 42, 1], [41, 2, 6, 43], [45, 13, 20, 47]]"
48.48.3.ft.1,48.48.3.1,,16C3,,,,48,48,3,"[2, 2]",4,0,[-3],"[[2, 24], [3, 6]]",False,True,True,"[[1, 2], [1, 1]]",3,0,False,"[[9, 40, 44, 21], [13, 42, 42, 11], [17, 22, 14, 3], [37, 29, 30, 11], [43, 3, 34, 13]]"
48.48.3.fu.1,48.48.3.6,,16C3,,,,48,48,3,"[2, 2]",4,2,[],"[[2, 24], [3, 6]]",False,True,True,"[[1, 2], [1, 1]]",3,1,False,"[[5, 12, 24, 13], [7, 4, 22, 41], [11, 21, 46, 37], [37, 0, 16, 29], [43, 13, 18, 5]]"
48.48.3.gd.1,48.48.3.89,,16B3,,,,48,48,3,"[2, 2]",4,0,[],"[[2, 22], [3, 6]]",False,True,True,"[[1, 2], [1, 1]]",3,0,,"[[1, 3, 4, 11], [9, 43, 34, 23], [29, 30, 38, 11], [45, 29, 14, 3]]"
48.48.3.gd.2,48.48.3.93,,16B3,,,,48,48,3,"[2, 2]",4,0,[-3],"[[2, 22], [3, 6]]",False,True,True,"[[1, 2], [1, 1]]",3,0,False,"[[5, 33, 28, 19], [29, 31, 26, 35], [29, 42, 0, 41], [37, 36, 34, 7]]"
48.48.3.gf.1,48.48.3.90,,16B3,,,,48,48,3,"[2, 2]",4,0,[-12],"[[2, 22], [3, 6]]",False,True,True,"[[1, 2], [1, 1]]",3,0,False,"[[7, 46, 36, 31], [35, 0, 34, 37], [45, 25, 20, 27], [47, 9, 20, 29]]"
48.48.3.gf.2,48.48.3.94,,16B3,,,,48,48,3,"[2, 2]",4,0,[],"[[2, 22], [3, 6]]",False,True,True,"[[1, 2], [1, 1]]",3,0,,"[[1, 29, 24, 31], [13, 17, 26, 27], [21, 5, 38, 27], [35, 18, 24, 23]]"
48.72.3.a.1,48.72.3.4,,24J3,,,,48,72,3,"[3, 3]",5,1,[-4],"[[2, 22], [3, 6]]",False,True,True,"[[1, 2], [1, 1]]",1,1,False,"[[1, 32, 20, 17], [17, 46, 28, 37], [19, 2, 46, 13], [31, 33, 42, 25], [35, 5, 22, 17], [39, 13, 20, 9]]"
48.72.3.a.2,48.72.3.3,,24J3,,,,48,72,3,"[3, 3]",5,1,"[-4, -28]","[[2, 22], [3, 6]]",False,True,True,"[[1, 2], [1, 1]]",1,1,False,"[[7, 29, 20, 41], [9, 2, 32, 21], [19, 3, 42, 13], [25, 41, 40, 31], [27, 16, 16, 27], [31, 10, 8, 43]]"
48.72.3.b.1,48.72.3.63,,24J3,,,,48,72,3,"[3, 3]",5,1,[-4],"[[2, 22], [3, 6]]",False,True,True,"[[1, 2], [1, 1]]",1,1,False,"[[11, 47, 16, 5], [13, 44, 8, 5], [21, 44, 2, 3], [25, 10, 14, 31], [29, 21, 36, 23], [43, 35, 46, 1]]"
48.72.3.b.2,48.72.3.64,,24J3,,,,48,72,3,"[3, 3]",5,1,[-4],"[[2, 22], [3, 6]]",False,True,True,"[[1, 2], [1, 1]]",1,1,False,"[[7, 46, 34, 9], [11, 9, 30, 17], [19, 40, 10, 29], [29, 18, 42, 35], [33, 23, 46, 15], [47, 9, 12, 17]]"
48.72.3.bl.1,48.72.3.47,,48F3,,,,48,72,3,"[2, 2]",2,2,"[-7, -28]","[[2, 24], [3, 6]]",False,True,True,"[[1, 1, 1], [1, 1, 1]]",3,1,False,"[[3, 13, 28, 33], [3, 37, 8, 33], [17, 8, 26, 19], [25, 4, 46, 47], [25, 45, 12, 47], [37, 32, 44, 41]]"
48.72.3.bl.2,48.72.3.45,,48F3,,,,48,72,3,"[2, 2]",2,2,[],"[[2, 24], [3, 6]]",False,True,True,"[[1, 1, 1], [1, 1, 1]]",3,1,False,"[[5, 30, 18, 7], [5, 47, 44, 7], [9, 1, 38, 39], [31, 43, 32, 25], [33, 2, 46, 39], [37, 36, 36, 25]]"
48.72.3.bn.1,48.72.3.15,,48C3,,,,48,72,3,"[2, 2]",2,2,"[-7, -28]","[[2, 24], [3, 4]]",False,True,True,"[[1, 1, 1], [1, 1, 1]]",3,1,False,"[[13, 4, 10, 23], [23, 19, 20, 17], [29, 19, 34, 43], [37, 38, 32, 41], [41, 3, 0, 19], [47, 46, 14, 5]]"
48.72.3.bn.2,48.72.3.13,,48C3,,,,48,72,3,"[2, 2]",2,2,[],"[[2, 24], [3, 4]]",False,True,True,"[[1, 1, 1], [1, 1, 1]]",3,1,False,"[[11, 5, 26, 37], [25, 13, 38, 31], [31, 22, 40, 35], [33, 17, 16, 15], [33, 23, 20, 27], [37, 32, 14, 11]]"
48.72.3.c.1,48.72.3.55,,24R3,,,,48,72,3,"[2, 3]",5,1,[-4],"[[2, 22], [3, 6]]",False,True,True,"[[1, 1, 1], [1, 1, 1]]",1,1,False,"[[5, 17, 16, 35], [9, 40, 44, 9], [21, 8, 22, 3], [25, 4, 38, 31], [29, 10, 38, 35], [47, 42, 36, 19]]"
48.72.3.c.2,48.72.3.56,,24R3,,,,48,72,3,"[2, 3]",5,1,"[-4, -28]","[[2, 22], [3, 6]]",False,True,True,"[[1, 1, 1], [1, 1, 1]]",1,1,False,"[[25, 10, 20, 13], [29, 8, 4, 29], [31, 44, 16, 7], [37, 21, 24, 11], [37, 27, 24, 7], [43, 31, 34, 29]]"
48.72.3.n.1,48.72.3.71,,48G3,,,,48,72,3,"[2, 3]",5,1,[-4],"[[2, 22], [3, 6]]",False,True,True,"[[1, 1, 1], [1, 1, 1]]",1,2,False,"[[19, 5, 44, 5], [21, 28, 40, 21], [29, 5, 8, 19], [35, 16, 26, 17], [39, 40, 20, 27], [45, 41, 28, 27]]"
48.72.3.n.2,48.72.3.72,,48G3,,,,48,72,3,"[2, 3]",5,1,"[-4, -7]","[[2, 22], [3, 6]]",False,True,True,"[[1, 1, 1], [1, 1, 1]]",1,1,False,"[[13, 7, 46, 11], [13, 12, 6, 31], [19, 0, 6, 5], [23, 28, 38, 41], [31, 46, 40, 47], [37, 19, 38, 19]]"
48.72.3.o.1,48.72.3.74,,48D3,,,,48,72,3,"[3, 3]",5,1,[-4],"[[2, 22], [3, 6]]",False,True,True,"[[1, 2], [1, 1]]",1,1,False,"[[1, 28, 34, 23], [19, 25, 16, 29], [23, 35, 44, 1], [39, 1, 22, 33], [41, 35, 46, 23], [41, 47, 2, 7]]"
48.72.3.o.2,48.72.3.73,,48D3,,,,48,72,3,"[3, 3]",5,1,[-4],"[[2, 22], [3, 6]]",False,True,True,"[[1, 2], [1, 1]]",1,1,False,"[[1, 11, 2, 23], [1, 33, 12, 23], [27, 28, 22, 21], [35, 12, 42, 1], [35, 33, 42, 29], [47, 28, 20, 11]]"
48.72.3.p.1,48.72.3.5,,48D3,,,,48,72,3,"[3, 3]",5,1,[-4],"[[2, 22], [3, 6]]",False,True,True,"[[1, 2], [1, 1]]",1,1,False,"[[3, 34, 14, 9], [9, 14, 26, 27], [15, 38, 8, 39], [19, 11, 38, 41], [23, 28, 40, 31], [31, 27, 36, 17]]"
48.72.3.p.2,48.72.3.6,,48D3,,,,48,72,3,"[3, 3]",5,1,"[-4, -7]","[[2, 22], [3, 6]]",False,True,True,"[[1, 2], [1, 1]]",1,1,False,"[[3, 37, 28, 45], [17, 39, 18, 23], [37, 9, 24, 11], [37, 20, 26, 11], [45, 25, 4, 27], [45, 34, 2, 39]]"
48.96.3.di.1,48.96.3.1024,,8B3,,,,48,96,3,"[4, 4]",12,0,[],"[[2, 22], [3, 2]]",False,False,True,"[[1, 1], [2, 1]]",3,0,,"[[29, 19, 40, 3], [33, 26, 14, 31], [35, 25, 20, 33]]"
48.96.3.dk.1,48.96.3.364,,8B3,,,,48,96,3,"[2, 2]",12,0,[],"[[2, 22], [3, 6]]",False,False,True,"[[1, 1], [1, 2]]",3,0,,"[[25, 46, 6, 23], [27, 25, 16, 5], [35, 37, 12, 41]]"
48.96.3.do.1,48.96.3.1023,,8B3,,,,48,96,3,"[4, 4]",12,0,[],"[[2, 22], [3, 2]]",False,False,True,"[[1, 1], [2, 1]]",3,0,True,"[[41, 4, 4, 9], [45, 22, 10, 19], [45, 31, 32, 19]]"
48.96.3.dq.1,48.96.3.367,,8B3,,,,48,96,3,"[2, 2]",12,0,[],"[[2, 22], [3, 6]]",False,False,True,"[[1, 1], [1, 2]]",3,0,True,"[[11, 6, 2, 29], [31, 4, 36, 23], [43, 9, 4, 17]]"
48.96.3.hl.1,48.96.3.380,,16I3,,,,48,96,3,"[4, 4]",12,0,[],"[[2, 22], [3, 6]]",False,False,True,"[[1, 1], [1, 2]]",3,0,True,"[[9, 7, 44, 47], [11, 39, 24, 13], [31, 40, 8, 39], [37, 8, 4, 33]]"
48.96.3.hr.1,48.96.3.375,,16I3,,,,48,96,3,"[2, 2]",12,0,[],"[[2, 22], [3, 6]]",False,False,True,"[[1, 1], [1, 2]]",2,0,,"[[15, 4, 32, 47], [23, 4, 36, 35], [23, 6, 4, 43], [43, 19, 32, 21]]"
48.96.3.hx.1,48.96.3.403,,16J3,,,,48,96,3,"[2, 2]",12,0,[],"[[2, 22], [3, 6]]",False,False,True,"[[1, 1], [1, 2]]",3,0,,"[[7, 35, 28, 25], [17, 20, 8, 33], [19, 35, 12, 43], [21, 37, 20, 45]]"
48.96.3.hy.1,48.96.3.399,,16J3,,,,48,96,3,"[4, 4]",12,0,[],"[[2, 22], [3, 6]]",False,False,True,"[[1, 1], [1, 2]]",3,0,True,"[[37, 14, 40, 19], [43, 2, 24, 29], [43, 15, 20, 11], [43, 25, 20, 3]]"
48.96.3.id.1,48.96.3.418,,16I3,,,,48,96,3,"[2, 2]",12,0,[],"[[2, 22], [3, 6]]",False,False,True,"[[1, 1], [1, 2]]",3,0,,"[[13, 18, 18, 31], [13, 41, 22, 15], [39, 25, 34, 17]]"
48.96.3.ie.1,48.96.3.421,,16I3,,,,48,96,3,"[2, 2]",12,0,[],"[[2, 22], [3, 6]]",False,False,True,"[[1, 1], [1, 2]]",3,0,True,"[[5, 17, 12, 35], [5, 17, 46, 39], [23, 26, 40, 47]]"
48.96.3.kh.1,48.96.3.1040,,16I3,,,,48,96,3,"[4, 4]",12,0,[],"[[2, 22], [3, 2]]",False,False,True,"[[1, 1], [2, 1]]",3,0,,"[[5, 29, 4, 27], [13, 11, 16, 19], [21, 35, 20, 27], [35, 34, 4, 15]]"
48.96.3.kj.1,48.96.3.1039,,16I3,,,,48,96,3,"[4, 4]",12,0,[],"[[2, 22], [3, 2]]",False,False,True,"[[1, 1], [2, 1]]",3,0,True,"[[9, 35, 28, 7], [11, 15, 8, 13], [15, 1, 20, 33], [19, 38, 16, 43]]"
48.96.3.kl.1,48.96.3.1065,,16J3,,,,48,96,3,"[4, 4]",12,0,[],"[[2, 22], [3, 2]]",False,False,True,"[[1, 1], [2, 1]]",3,0,True,"[[21, 20, 32, 35], [29, 25, 36, 5], [31, 4, 24, 23], [41, 21, 4, 23]]"
48.96.3.km.1,48.96.3.1063,,16J3,,,,48,96,3,"[4, 4]",12,0,[],"[[2, 22], [3, 2]]",False,False,True,"[[1, 1], [2, 1]]",3,0,,"[[5, 27, 44, 43], [21, 43, 20, 43], [23, 18, 24, 17], [39, 25, 44, 41]]"
48.96.3.kp.1,48.96.3.1082,,16I3,,,,48,96,3,"[4, 4]",12,0,[],"[[2, 22], [3, 2]]",False,False,True,"[[1, 1], [2, 1]]",3,0,,"[[3, 5, 4, 45], [19, 0, 6, 5], [23, 31, 28, 9]]"
48.96.3.kq.1,48.96.3.1081,,16I3,,,,48,96,3,"[4, 4]",12,0,[],"[[2, 22], [3, 2]]",False,False,True,"[[1, 1], [2, 1]]",3,0,True,"[[5, 18, 2, 31], [5, 37, 38, 15], [31, 8, 38, 41]]"
48.96.3.q.1,48.96.3.352,,8B3,,,,48,96,3,"[2, 2]",12,0,[],"[[2, 22], [3, 6]]",False,False,True,"[[1, 1], [1, 2]]",3,0,,"[[19, 40, 28, 3], [23, 6, 34, 25], [27, 40, 10, 37], [31, 16, 32, 15]]"
48.96.3.r.1,48.96.3.1012,,8B3,,,,48,96,3,"[4, 4]",12,0,[],"[[2, 22], [3, 2]]",False,False,True,"[[1, 1], [2, 1]]",3,0,True,"[[15, 32, 44, 7], [19, 6, 24, 7], [37, 22, 32, 9], [45, 22, 10, 3]]"
48.96.3.sr.1,48.96.3.655,,8B3,,,,48,96,3,"[4, 4]",12,0,[],"[[2, 22], [3, 4]]",False,True,True,"[[1, 1, 1], [1, 1, 1]]",2,0,True,"[[19, 45, 12, 17], [29, 29, 6, 47], [31, 29, 14, 33]]"
48.96.3.st.1,48.96.3.651,,8B3,,,,48,96,3,"[4, 4]",12,0,[],"[[2, 22], [3, 4]]",False,True,True,"[[1, 1, 1], [1, 1, 1]]",2,0,True,"[[3, 29, 20, 17], [17, 22, 12, 13], [39, 10, 22, 9]]"
48.96.3.sw.1,48.96.3.580,,8B3,,,,48,96,3,"[4, 4]",12,0,[],"[[2, 22], [3, 4]]",False,True,True,"[[1, 1, 1], [1, 1, 1]]",3,0,,"[[7, 43, 24, 25], [9, 41, 16, 39], [15, 37, 10, 41], [37, 30, 0, 25]]"
48.96.3.sy.1,48.96.3.574,,8B3,,,,48,96,3,"[4, 4]",12,0,[],"[[2, 22], [3, 4]]",False,True,True,"[[1, 1, 1], [1, 1, 1]]",2,0,True,"[[1, 15, 18, 47], [25, 17, 16, 27], [39, 25, 8, 9], [47, 23, 40, 21]]"
48.96.3.t.1,48.96.3.1011,,8B3,,,,48,96,3,"[4, 4]",12,0,[],"[[2, 22], [3, 2]]",False,False,True,"[[1, 1], [2, 1]]",3,0,,"[[23, 10, 42, 41], [25, 38, 4, 37], [33, 10, 14, 31], [41, 22, 42, 7]]"
48.96.3.uf.1,48.96.3.644,,16I3,,,,48,96,3,"[2, 2]",12,0,[],"[[2, 22], [3, 4]]",False,True,True,"[[1, 1, 1], [1, 1, 1]]",2,1,,"[[9, 38, 22, 7], [11, 33, 16, 29], [17, 4, 34, 39], [25, 39, 0, 31]]"
48.96.3.ug.1,48.96.3.607,,16I3,,,,48,96,3,"[4, 4]",12,0,[],"[[2, 22], [3, 4]]",False,True,True,"[[1, 1, 1], [1, 1, 1]]",2,0,True,"[[1, 9, 6, 47], [5, 6, 44, 1], [37, 14, 38, 39]]"
48.96.3.uh.1,48.96.3.632,,16I3,,,,48,96,3,"[2, 2]",12,0,[-4],"[[2, 22], [3, 4]]",False,True,True,"[[1, 1, 1], [1, 1, 1]]",2,0,False,"[[9, 35, 40, 7], [11, 22, 4, 39], [39, 5, 14, 25], [41, 5, 6, 11]]"
48.96.3.ui.1,48.96.3.603,,16I3,,,,48,96,3,"[4, 4]",12,0,[],"[[2, 22], [3, 4]]",False,True,True,"[[1, 1, 1], [1, 1, 1]]",2,0,True,"[[1, 8, 14, 11], [5, 47, 44, 27], [7, 31, 8, 9]]"
48.96.3.uj.1,48.96.3.463,,16I3,,,,48,96,3,"[4, 4]",12,0,[],"[[2, 22], [3, 4]]",False,True,True,"[[1, 1, 1], [1, 1, 1]]",3,0,True,"[[9, 16, 44, 5], [13, 34, 18, 19], [15, 26, 22, 9], [47, 15, 26, 25]]"
48.96.3.uk.1,48.96.3.501,,16I3,,,,48,96,3,"[4, 4]",12,0,[],"[[2, 22], [3, 4]]",False,True,True,"[[1, 1, 1], [1, 1, 1]]",3,0,True,"[[27, 17, 20, 37], [33, 11, 38, 23], [39, 37, 46, 41], [47, 4, 22, 1]]"
48.96.3.ul.1,48.96.3.445,,16I3,,,,48,96,3,"[2, 2]",12,0,[-3],"[[2, 22], [3, 4]]",False,True,True,"[[1, 1, 1], [1, 1, 1]]",2,0,False,"[[9, 34, 38, 43], [9, 44, 40, 33], [11, 45, 44, 37], [19, 17, 16, 13]]"
48.96.3.um.1,48.96.3.495,,16I3,,,,48,96,3,"[4, 4]",12,0,[],"[[2, 22], [3, 4]]",False,True,True,"[[1, 1, 1], [1, 1, 1]]",3,0,,"[[31, 5, 42, 17], [39, 8, 22, 25], [39, 17, 2, 17], [47, 1, 22, 9]]"
48.96.3.uv.1,48.96.3.627,,8B3,,,,48,96,3,"[2, 2]",12,0,[-4],"[[2, 22], [3, 4]]",False,True,True,"[[1, 1, 1], [1, 1, 1]]",2,0,False,"[[7, 43, 42, 41], [27, 28, 32, 35], [41, 5, 16, 23], [41, 39, 20, 23]]"
48.96.3.ux.1,48.96.3.615,,8B3,,,,48,96,3,"[2, 2]",12,0,[],"[[2, 22], [3, 4]]",False,True,True,"[[1, 1, 1], [1, 1, 1]]",2,1,,"[[5, 25, 8, 11], [25, 26, 44, 45], [29, 43, 10, 7], [35, 30, 14, 13]]"
48.96.3.va.1,48.96.3.700,,8B3,,,,48,96,3,"[2, 2]",12,0,[-12],"[[2, 22], [3, 4]]",False,True,True,"[[1, 1, 1], [1, 1, 1]]",2,0,False,"[[13, 13, 44, 15], [23, 46, 14, 41], [27, 43, 34, 29], [35, 2, 24, 23]]"
48.96.3.vc.1,48.96.3.682,,8B3,,,,48,96,3,"[4, 4]",12,0,[],"[[2, 22], [3, 4]]",False,True,True,"[[1, 1, 1], [1, 1, 1]]",3,0,True,"[[1, 12, 8, 25], [27, 43, 10, 29], [29, 14, 24, 17], [41, 39, 12, 47]]"
48.96.3.w.1,48.96.3.347,,8B3,,,,48,96,3,"[4, 4]",12,0,[],"[[2, 22], [3, 6]]",False,False,True,"[[1, 1], [1, 2]]",3,0,True,"[[7, 6, 4, 35], [11, 36, 26, 29], [43, 44, 46, 13], [47, 18, 34, 41]]"
48.96.3.wl.1,48.96.3.584,,16K3,,,,48,96,3,"[3, 4]",8,0,[],"[[2, 22], [3, 4]]",False,True,True,"[[1, 1, 1], [1, 1, 1]]",1,0,,"[[7, 42, 0, 35], [13, 42, 8, 25], [35, 1, 10, 37], [39, 43, 40, 33]]"
48.96.3.xk.1,48.96.3.684,,16K3,,,,48,96,3,"[3, 4]",8,0,[],"[[2, 22], [3, 4]]",False,True,True,"[[1, 1, 1], [1, 1, 1]]",1,0,True,"[[7, 1, 28, 5], [13, 1, 28, 35], [43, 6, 34, 5], [43, 39, 12, 29]]"
48.96.3.yf.1,48.96.3.461,,16L3,,,,48,96,3,"[3, 4]",8,0,[],"[[2, 22], [3, 4]]",False,True,True,"[[1, 1, 1], [1, 1, 1]]",1,0,True,"[[13, 14, 46, 31], [23, 19, 14, 41], [33, 4, 16, 17], [43, 27, 2, 29]]"
48.96.3.yi.1,48.96.3.493,,16L3,,,,48,96,3,"[3, 4]",8,0,[],"[[2, 22], [3, 4]]",False,True,True,"[[1, 1, 1], [1, 1, 1]]",1,0,,"[[17, 16, 26, 15], [41, 47, 16, 23], [47, 20, 4, 27], [47, 37, 22, 1]]"
48.96.3.yv.1,48.96.3.598,,16K3,,,,48,96,3,"[3, 4]",8,0,[],"[[2, 22], [3, 4]]",False,True,True,"[[1, 1, 1], [1, 1, 1]]",1,0,,"[[7, 10, 2, 25], [19, 15, 40, 37], [25, 24, 6, 47], [29, 4, 40, 45]]"
48.96.3.zh.1,48.96.3.472,,16L3,,,,48,96,3,"[3, 3]",8,0,[-3],"[[2, 22], [3, 4]]",False,True,True,"[[1, 1, 1], [1, 1, 1]]",1,0,False,"[[9, 17, 38, 39], [11, 21, 44, 29], [23, 31, 6, 41], [41, 10, 38, 35]]"
48.96.3.zk.1,48.96.3.511,,16L3,,,,48,96,3,"[3, 4]",8,0,[],"[[2, 22], [3, 4]]",False,True,True,"[[1, 1, 1], [1, 1, 1]]",1,0,,"[[17, 27, 36, 23], [23, 21, 32, 1], [31, 13, 46, 33], [43, 12, 20, 31]]"
48.96.3.zq.1,48.96.3.705,,16K3,,,,48,96,3,"[3, 3]",8,0,[-12],"[[2, 22], [3, 4]]",False,True,True,"[[1, 1, 1], [1, 1, 1]]",1,0,False,"[[21, 31, 28, 23], [21, 46, 38, 3], [25, 35, 10, 7], [33, 1, 44, 31]]"
48.144.3-24.eu.1.1,48.144.3.98,,12G3,,,,48,144,3,"[4, 4]",8,0,[],"[[2, 18], [3, 6]]",False,False,False,"[[1, 1], [1, 2]]",,0,,"[[1, 41, 22, 1], [19, 5, 14, 41], [21, 32, 8, 27], [37, 3, 6, 11]]"
48.144.3-24.eu.1.2,48.144.3.94,,12G3,,,,48,144,3,"[4, 4]",8,0,[],"[[2, 18], [3, 6]]",False,False,False,"[[1, 1], [1, 2]]",,0,,"[[13, 40, 32, 37], [25, 6, 0, 23], [37, 15, 18, 13], [41, 6, 12, 31]]"
48.144.3-24.eu.1.3,48.144.3.97,,12G3,,,,48,144,3,"[4, 4]",8,0,[],"[[2, 18], [3, 6]]",False,False,False,"[[1, 1], [1, 2]]",,0,,"[[19, 47, 14, 29], [23, 23, 2, 37], [25, 45, 6, 1], [31, 32, 28, 31]]"
48.144.3-24.eu.1.4,48.144.3.93,,12G3,,,,48,144,3,"[4, 4]",8,0,[],"[[2, 18], [3, 6]]",False,False,False,"[[1, 1], [1, 2]]",,0,,"[[7, 41, 38, 29], [27, 28, 40, 45], [31, 25, 38, 7], [45, 23, 10, 21]]"
48.144.3-24.eu.1.5,48.144.3.100,,12G3,,,,48,144,3,"[4, 4]",8,0,[],"[[2, 18], [3, 6]]",False,False,False,"[[1, 1], [1, 2]]",,0,,"[[11, 43, 26, 11], [31, 31, 34, 29], [31, 42, 0, 31], [43, 33, 18, 5]]"
48.144.3-24.eu.1.6,48.144.3.95,,12G3,,,,48,144,3,"[4, 4]",8,0,[],"[[2, 18], [3, 6]]",False,False,False,"[[1, 1], [1, 2]]",,0,,"[[23, 34, 28, 1], [23, 37, 34, 1], [29, 42, 0, 29], [37, 31, 14, 25]]"
48.144.3-24.eu.1.7,48.144.3.96,,12G3,,,,48,144,3,"[4, 4]",8,0,[],"[[2, 18], [3, 6]]",False,False,False,"[[1, 1], [1, 2]]",,0,,"[[1, 8, 28, 25], [25, 14, 32, 47], [41, 35, 10, 17], [43, 29, 14, 17]]"
48.144.3-24.eu.1.8,48.144.3.99,,12G3,,,,48,144,3,"[4, 4]",8,0,[],"[[2, 18], [3, 6]]",False,False,False,"[[1, 1], [1, 2]]",,0,,"[[11, 3, 30, 13], [11, 5, 38, 25], [27, 29, 22, 27], [43, 23, 38, 5]]"
48.144.3.bd.1,48.144.3.30,,48M3,,,,48,144,3,"[2, 2]",4,0,[-28],"[[2, 22], [3, 6]]",False,True,True,"[[1, 2], [1, 1]]",3,0,False,"[[7, 44, 14, 5], [9, 43, 46, 39], [21, 1, 10, 3], [23, 47, 38, 1], [31, 47, 4, 1]]"
48.144.3.bd.2,48.144.3.29,,48M3,,,,48,144,3,"[2, 2]",4,0,[],"[[2, 22], [3, 6]]",False,True,True,"[[1, 2], [1, 1]]",3,0,,"[[23, 40, 20, 11], [27, 22, 8, 15], [29, 32, 14, 43], [29, 43, 44, 23], [37, 35, 40, 7]]"
48.144.3.bf.1,48.144.3.13,,48M3,,,,48,144,3,"[2, 2]",4,0,[-7],"[[2, 22], [3, 6]]",False,True,True,"[[1, 2], [1, 1]]",3,0,False,"[[1, 43, 16, 35], [11, 30, 24, 47], [29, 12, 30, 11], [43, 18, 30, 25], [47, 33, 42, 25]]"
48.144.3.bf.2,48.144.3.14,,48M3,,,,48,144,3,"[2, 2]",4,0,[],"[[2, 22], [3, 6]]",False,True,True,"[[1, 2], [1, 1]]",3,0,,"[[17, 8, 22, 47], [23, 33, 30, 25], [31, 29, 26, 17], [39, 7, 22, 33], [47, 42, 42, 17]]"
48.192.3-48.hl.1.1,48.192.3.821,,16I3,,,,48,192,3,"[4, 4]",12,0,[],"[[2, 22], [3, 6]]",False,False,False,"[[1, 1], [1, 2]]",,0,True,"[[25, 30, 40, 17], [35, 31, 24, 37], [43, 47, 44, 21]]"
48.192.3-48.hl.1.2,48.192.3.1148,,16I3,,,,48,192,3,"[4, 4]",12,0,[],"[[2, 22], [3, 6]]",False,False,False,"[[1, 1], [1, 2]]",,0,True,"[[11, 5, 24, 29], [29, 14, 40, 5], [35, 6, 44, 31]]"
48.192.3-48.hl.1.3,48.192.3.1060,,16I3,,,,48,192,3,"[4, 4]",12,0,[],"[[2, 22], [3, 6]]",False,False,False,"[[1, 1], [1, 2]]",,0,True,"[[25, 15, 20, 31], [39, 29, 40, 33], [43, 46, 16, 27]]"
48.192.3-48.hl.1.4,48.192.3.797,,16I3,,,,48,192,3,"[4, 4]",12,0,[],"[[2, 22], [3, 6]]",False,False,False,"[[1, 1], [1, 2]]",,0,True,"[[23, 42, 44, 19], [27, 19, 40, 13], [45, 44, 28, 17]]"
48.192.3-48.hr.1.1,48.192.3.816,,16I3,,,,48,192,3,"[2, 2]",12,0,[],"[[2, 22], [3, 6]]",False,False,False,"[[1, 1], [1, 2]]",,0,,"[[9, 23, 20, 23], [37, 18, 24, 29], [41, 8, 12, 29]]"
48.192.3-48.hr.1.2,48.192.3.1145,,16I3,,,,48,192,3,"[2, 2]",12,0,[],"[[2, 22], [3, 6]]",False,False,False,"[[1, 1], [1, 2]]",,0,,"[[5, 10, 16, 21], [23, 4, 28, 43], [45, 23, 44, 3]]"
48.192.3-48.hr.1.3,48.192.3.1057,,16I3,,,,48,192,3,"[2, 2]",12,0,[],"[[2, 22], [3, 6]]",False,False,False,"[[1, 1], [1, 2]]",,0,,"[[7, 38, 40, 31], [19, 37, 36, 29], [29, 11, 24, 19]]"
48.192.3-48.hr.1.4,48.192.3.792,,16I3,,,,48,192,3,"[2, 2]",12,0,[],"[[2, 22], [3, 6]]",False,False,False,"[[1, 1], [1, 2]]",,0,,"[[25, 17, 0, 7], [31, 37, 28, 33], [43, 42, 16, 11]]"
48.192.3-48.hx.1.1,48.192.3.1179,,16J3,,,,48,192,3,"[2, 2]",12,0,[],"[[2, 22], [3, 6]]",False,False,False,"[[1, 1], [1, 2]]",,0,,"[[33, 34, 16, 15], [43, 34, 24, 37], [47, 45, 20, 23]]"
48.192.3-48.hx.1.2,48.192.3.1046,,16J3,,,,48,192,3,"[2, 2]",12,0,[],"[[2, 22], [3, 6]]",False,False,False,"[[1, 1], [1, 2]]",,0,,"[[1, 24, 24, 17], [11, 35, 20, 27], [43, 24, 16, 37]]"
48.192.3-48.hx.1.3,48.192.3.1039,,16J3,,,,48,192,3,"[2, 2]",12,0,[],"[[2, 22], [3, 6]]",False,False,False,"[[1, 1], [1, 2]]",,0,,"[[5, 31, 36, 35], [33, 31, 4, 1], [33, 38, 32, 17]]"
48.192.3-48.hx.1.4,48.192.3.1180,,16J3,,,,48,192,3,"[2, 2]",12,0,[],"[[2, 22], [3, 6]]",False,False,False,"[[1, 1], [1, 2]]",,0,,"[[19, 16, 40, 3], [29, 25, 20, 21], [45, 47, 4, 43]]"
48.192.3-48.hx.1.5,48.192.3.1169,,16J3,,,,48,192,3,"[2, 2]",12,0,[],"[[2, 22], [3, 6]]",False,False,False,"[[1, 1], [1, 2]]",,0,,"[[41, 1, 36, 7], [41, 34, 40, 7], [43, 33, 44, 13]]"
48.192.3-48.hx.1.6,48.192.3.1028,,16J3,,,,48,192,3,"[2, 2]",12,0,[],"[[2, 22], [3, 6]]",False,False,False,"[[1, 1], [1, 2]]",,0,,"[[11, 23, 44, 19], [29, 24, 16, 35], [41, 46, 32, 41]]"
48.192.3-48.hx.1.7,48.192.3.1053,,16J3,,,,48,192,3,"[2, 2]",12,0,[],"[[2, 22], [3, 6]]",False,False,False,"[[1, 1], [1, 2]]",,0,,"[[9, 10, 16, 9], [31, 17, 12, 25], [41, 47, 12, 17]]"
48.192.3-48.hx.1.8,48.192.3.1174,,16J3,,,,48,192,3,"[2, 2]",12,0,[],"[[2, 22], [3, 6]]",False,False,False,"[[1, 1], [1, 2]]",,0,,"[[3, 26, 32, 35], [11, 4, 32, 21], [43, 33, 44, 13]]"
48.192.3-48.hy.1.1,48.192.3.1153,,16J3,,,,48,192,3,"[4, 4]",12,0,[],"[[2, 22], [3, 6]]",False,False,False,"[[1, 1], [1, 2]]",,0,True,"[[5, 18, 32, 35], [13, 25, 28, 45], [15, 43, 44, 9]]"
48.192.3-48.hy.1.2,48.192.3.1024,,16J3,,,,48,192,3,"[4, 4]",12,0,[],"[[2, 22], [3, 6]]",False,False,False,"[[1, 1], [1, 2]]",,0,True,"[[25, 20, 8, 9], [35, 39, 20, 13], [41, 6, 32, 47]]"
48.192.3-48.hy.1.3,48.192.3.1163,,16J3,,,,48,192,3,"[4, 4]",12,0,[],"[[2, 22], [3, 6]]",False,False,False,"[[1, 1], [1, 2]]",,0,True,"[[29, 33, 44, 13], [35, 21, 20, 11], [41, 23, 28, 15]]"
48.192.3-48.hy.1.4,48.192.3.1042,,16J3,,,,48,192,3,"[4, 4]",12,0,[],"[[2, 22], [3, 6]]",False,False,False,"[[1, 1], [1, 2]]",,0,True,"[[27, 17, 4, 19], [39, 41, 44, 7], [41, 9, 12, 7]]"
48.192.3-48.hy.1.5,48.192.3.1049,,16J3,,,,48,192,3,"[4, 4]",12,0,[],"[[2, 22], [3, 6]]",False,False,False,"[[1, 1], [1, 2]]",,0,True,"[[39, 19, 4, 25], [41, 15, 12, 17], [43, 39, 44, 13]]"
48.192.3-48.hy.1.6,48.192.3.1158,,16J3,,,,48,192,3,"[4, 4]",12,0,[],"[[2, 22], [3, 6]]",False,False,False,"[[1, 1], [1, 2]]",,0,True,"[[5, 3, 20, 43], [11, 24, 40, 43], [45, 38, 8, 43]]"
48.192.3-48.hy.1.7,48.192.3.1035,,16J3,,,,48,192,3,"[4, 4]",12,0,[],"[[2, 22], [3, 6]]",False,False,False,"[[1, 1], [1, 2]]",,0,True,"[[13, 22, 40, 27], [25, 10, 16, 9], [29, 37, 28, 45]]"
48.192.3-48.hy.1.8,48.192.3.1164,,16J3,,,,48,192,3,"[4, 4]",12,0,[],"[[2, 22], [3, 6]]",False,False,False,"[[1, 1], [1, 2]]",,0,True,"[[13, 24, 8, 43], [15, 14, 32, 31], [41, 21, 20, 17]]"
48.192.3-48.kh.1.1,48.192.3.2739,,16I3,,,,48,192,3,"[4, 4]",12,0,[],"[[2, 22], [3, 2]]",False,False,False,"[[1, 1], [2, 1]]",,0,,"[[9, 22, 40, 9], [21, 28, 20, 17], [31, 37, 16, 33]]"
48.192.3-48.kh.1.2,48.192.3.3091,,16I3,,,,48,192,3,"[4, 4]",12,0,[],"[[2, 22], [3, 2]]",False,False,False,"[[1, 1], [2, 1]]",,0,,"[[19, 25, 0, 29], [35, 24, 12, 23], [47, 26, 44, 3]]"
48.192.3-48.kh.1.3,48.192.3.2707,,16I3,,,,48,192,3,"[4, 4]",12,0,[],"[[2, 22], [3, 2]]",False,False,False,"[[1, 1], [2, 1]]",,0,,"[[15, 1, 40, 1], [21, 5, 28, 11], [47, 17, 20, 33]]"
48.192.3-48.kh.1.4,48.192.3.2987,,16I3,,,,48,192,3,"[4, 4]",12,0,[],"[[2, 22], [3, 2]]",False,False,False,"[[1, 1], [2, 1]]",,0,,"[[7, 38, 32, 15], [17, 34, 20, 29], [37, 39, 40, 11]]"
48.192.3-48.kj.1.1,48.192.3.2738,,16I3,,,,48,192,3,"[4, 4]",12,0,[],"[[2, 22], [3, 2]]",False,False,False,"[[1, 1], [2, 1]]",,0,True,"[[9, 1, 16, 15], [25, 15, 24, 7], [25, 36, 20, 37]]"
48.192.3-48.kj.1.2,48.192.3.2706,,16I3,,,,48,192,3,"[4, 4]",12,0,[],"[[2, 22], [3, 2]]",False,False,False,"[[1, 1], [2, 1]]",,0,True,"[[17, 40, 44, 21], [31, 26, 0, 23], [37, 37, 8, 19]]"
48.192.3-48.kj.1.3,48.192.3.3090,,16I3,,,,48,192,3,"[4, 4]",12,0,[],"[[2, 22], [3, 2]]",False,False,False,"[[1, 1], [2, 1]]",,0,True,"[[17, 18, 40, 1], [29, 1, 28, 3], [47, 42, 12, 19]]"
48.192.3-48.kj.1.4,48.192.3.2986,,16I3,,,,48,192,3,"[4, 4]",12,0,[],"[[2, 22], [3, 2]]",False,False,False,"[[1, 1], [2, 1]]",,0,True,"[[7, 26, 8, 39], [29, 45, 4, 19], [43, 7, 0, 29]]"
48.192.3-48.kl.1.1,48.192.3.3229,,16J3,,,,48,192,3,"[4, 4]",12,0,[],"[[2, 22], [3, 2]]",False,False,False,"[[1, 1], [2, 1]]",,0,True,"[[1, 9, 28, 41], [7, 10, 32, 31], [29, 22, 24, 43]]"
48.192.3-48.kl.1.2,48.192.3.2965,,16J3,,,,48,192,3,"[4, 4]",12,0,[],"[[2, 22], [3, 2]]",False,False,False,"[[1, 1], [2, 1]]",,0,True,"[[17, 30, 0, 25], [37, 31, 4, 45], [45, 16, 8, 3]]"
48.192.3-48.kl.1.3,48.192.3.3243,,16J3,,,,48,192,3,"[4, 4]",12,0,[],"[[2, 22], [3, 2]]",False,False,False,"[[1, 1], [2, 1]]",,0,True,"[[7, 29, 36, 25], [11, 34, 40, 45], [31, 32, 8, 39]]"
48.192.3-48.kl.1.4,48.192.3.2985,,16J3,,,,48,192,3,"[4, 4]",12,0,[],"[[2, 22], [3, 2]]",False,False,False,"[[1, 1], [2, 1]]",,0,True,"[[25, 26, 32, 33], [35, 43, 28, 13], [43, 0, 40, 37]]"
48.192.3-48.kl.1.5,48.192.3.2972,,16J3,,,,48,192,3,"[4, 4]",12,0,[],"[[2, 22], [3, 2]]",False,False,False,"[[1, 1], [2, 1]]",,0,True,"[[3, 8, 40, 29], [41, 19, 4, 39], [45, 34, 16, 37]]"
48.192.3-48.kl.1.6,48.192.3.3250,,16J3,,,,48,192,3,"[4, 4]",12,0,[],"[[2, 22], [3, 2]]",False,False,False,"[[1, 1], [2, 1]]",,0,True,"[[15, 38, 8, 9], [27, 35, 20, 35], [35, 38, 16, 11]]"
48.192.3-48.kl.1.7,48.192.3.2960,,16J3,,,,48,192,3,"[4, 4]",12,0,[],"[[2, 22], [3, 2]]",False,False,False,"[[1, 1], [2, 1]]",,0,True,"[[1, 38, 32, 9], [25, 20, 8, 23], [35, 23, 28, 45]]"
48.192.3-48.kl.1.8,48.192.3.3236,,16J3,,,,48,192,3,"[4, 4]",12,0,[],"[[2, 22], [3, 2]]",False,False,False,"[[1, 1], [2, 1]]",,0,True,"[[11, 2, 32, 3], [29, 45, 44, 19], [45, 4, 16, 27]]"
48.192.3-48.km.1.1,48.192.3.3227,,16J3,,,,48,192,3,"[4, 4]",12,0,[],"[[2, 22], [3, 2]]",False,False,False,"[[1, 1], [2, 1]]",,0,,"[[23, 6, 0, 25], [31, 7, 4, 17], [45, 41, 20, 35]]"
48.192.3-48.km.1.2,48.192.3.2983,,16J3,,,,48,192,3,"[4, 4]",12,0,[],"[[2, 22], [3, 2]]",False,False,False,"[[1, 1], [2, 1]]",,0,,"[[7, 37, 36, 41], [9, 47, 28, 17], [37, 19, 4, 45]]"
48.192.3-48.km.1.3,48.192.3.3245,,16J3,,,,48,192,3,"[4, 4]",12,0,[],"[[2, 22], [3, 2]]",False,False,False,"[[1, 1], [2, 1]]",,0,,"[[3, 7, 28, 29], [5, 14, 0, 43], [17, 35, 20, 9]]"
48.192.3-48.km.1.4,48.192.3.2963,,16J3,,,,48,192,3,"[4, 4]",12,0,[],"[[2, 22], [3, 2]]",False,False,False,"[[1, 1], [2, 1]]",,0,,"[[13, 16, 40, 3], [21, 20, 16, 35], [25, 27, 44, 23]]"
48.192.3-48.km.1.5,48.192.3.2958,,16J3,,,,48,192,3,"[4, 4]",12,0,[],"[[2, 22], [3, 2]]",False,False,False,"[[1, 1], [2, 1]]",,0,,"[[27, 17, 20, 5], [29, 28, 8, 35], [47, 31, 36, 17]]"
48.192.3-48.km.1.6,48.192.3.3252,,16J3,,,,48,192,3,"[4, 4]",12,0,[],"[[2, 22], [3, 2]]",False,False,False,"[[1, 1], [2, 1]]",,0,,"[[1, 31, 44, 31], [39, 34, 8, 1], [41, 42, 0, 7]]"
48.192.3-48.km.1.7,48.192.3.2970,,16J3,,,,48,192,3,"[4, 4]",12,0,[],"[[2, 22], [3, 2]]",False,False,False,"[[1, 1], [2, 1]]",,0,,"[[21, 43, 28, 27], [29, 0, 8, 37], [47, 22, 32, 17]]"
48.192.3-48.km.1.8,48.192.3.3234,,16J3,,,,48,192,3,"[4, 4]",12,0,[],"[[2, 22], [3, 2]]",False,False,False,"[[1, 1], [2, 1]]",,0,,"[[35, 6, 0, 43], [39, 4, 40, 9], [47, 23, 36, 7]]"
48.192.3-48.q.1.1,48.192.3.756,,8B3,,,,48,192,3,"[2, 2]",12,0,[],"[[2, 22], [3, 6]]",False,False,False,"[[1, 1], [1, 2]]",,0,,"[[13, 44, 34, 3], [17, 32, 46, 47], [41, 42, 0, 5]]"
48.192.3-48.q.1.2,48.192.3.999,,8B3,,,,48,192,3,"[2, 2]",12,0,[],"[[2, 22], [3, 6]]",False,False,False,"[[1, 1], [1, 2]]",,0,,"[[7, 16, 6, 25], [19, 30, 44, 47], [23, 6, 38, 17]]"
48.192.3-48.q.1.3,48.192.3.1012,,8B3,,,,48,192,3,"[2, 2]",12,0,[],"[[2, 22], [3, 6]]",False,False,False,"[[1, 1], [1, 2]]",,0,,"[[5, 38, 28, 17], [19, 32, 10, 13], [29, 26, 14, 3]]"
48.192.3-48.q.1.4,48.192.3.733,,8B3,,,,48,192,3,"[2, 2]",12,0,[],"[[2, 22], [3, 6]]",False,False,False,"[[1, 1], [1, 2]]",,0,,"[[3, 44, 46, 13], [11, 42, 4, 31], [13, 36, 36, 5]]"
48.192.3-48.r.1.1,48.192.3.2929,,8B3,,,,48,192,3,"[4, 4]",12,0,[],"[[2, 22], [3, 2]]",False,False,False,"[[1, 1], [2, 1]]",,0,True,"[[23, 26, 4, 35], [25, 38, 24, 13], [41, 44, 42, 31]]"
48.192.3-48.r.1.2,48.192.3.2631,,8B3,,,,48,192,3,"[4, 4]",12,0,[],"[[2, 22], [3, 2]]",False,False,False,"[[1, 1], [2, 1]]",,0,True,"[[15, 20, 10, 17], [17, 18, 26, 31], [37, 24, 36, 29]]"
48.192.3-48.r.1.3,48.192.3.2679,,8B3,,,,48,192,3,"[4, 4]",12,0,[],"[[2, 22], [3, 2]]",False,False,False,"[[1, 1], [2, 1]]",,0,True,"[[3, 46, 46, 29], [5, 18, 36, 1], [41, 42, 0, 5]]"
48.192.3-48.r.1.4,48.192.3.2943,,8B3,,,,48,192,3,"[4, 4]",12,0,[],"[[2, 22], [3, 2]]",False,False,False,"[[1, 1], [2, 1]]",,0,True,"[[7, 4, 12, 23], [7, 26, 16, 3], [41, 16, 10, 15]]"
48.192.3-48.t.1.1,48.192.3.2678,,8B3,,,,48,192,3,"[4, 4]",12,0,[],"[[2, 22], [3, 2]]",False,False,False,"[[1, 1], [2, 1]]",,0,,"[[13, 14, 26, 3], [25, 32, 46, 15], [29, 14, 24, 41]]"
48.192.3-48.t.1.2,48.192.3.2942,,8B3,,,,48,192,3,"[4, 4]",12,0,[],"[[2, 22], [3, 2]]",False,False,False,"[[1, 1], [2, 1]]",,0,,"[[23, 22, 24, 35], [39, 44, 34, 1], [43, 6, 6, 5]]"
48.192.3-48.t.1.3,48.192.3.2928,,8B3,,,,48,192,3,"[4, 4]",12,0,[],"[[2, 22], [3, 2]]",False,False,False,"[[1, 1], [2, 1]]",,0,,"[[3, 32, 20, 43], [5, 36, 42, 43], [19, 22, 36, 47]]"
48.192.3-48.t.1.4,48.192.3.2630,,8B3,,,,48,192,3,"[4, 4]",12,0,[],"[[2, 22], [3, 2]]",False,False,False,"[[1, 1], [2, 1]]",,0,,"[[3, 34, 32, 23], [9, 28, 34, 23], [27, 34, 28, 47]]"
48.192.3-48.w.1.1,48.192.3.994,,8B3,,,,48,192,3,"[4, 4]",12,0,[],"[[2, 22], [3, 6]]",False,False,False,"[[1, 1], [1, 2]]",,0,True,"[[19, 14, 34, 21], [23, 18, 28, 43], [23, 24, 2, 17]]"
48.192.3-48.w.1.2,48.192.3.728,,8B3,,,,48,192,3,"[4, 4]",12,0,[],"[[2, 22], [3, 6]]",False,False,False,"[[1, 1], [1, 2]]",,0,True,"[[11, 14, 0, 47], [39, 46, 4, 19], [45, 44, 26, 27]]"
48.192.3-48.w.1.3,48.192.3.753,,8B3,,,,48,192,3,"[4, 4]",12,0,[],"[[2, 22], [3, 6]]",False,False,False,"[[1, 1], [1, 2]]",,0,True,"[[5, 30, 8, 41], [17, 32, 6, 23], [37, 28, 12, 29]]"
48.192.3-48.w.1.4,48.192.3.1009,,8B3,,,,48,192,3,"[4, 4]",12,0,[],"[[2, 22], [3, 6]]",False,False,False,"[[1, 1], [1, 2]]",,0,True,"[[29, 34, 46, 43], [39, 46, 32, 43], [43, 24, 36, 11]]"
56.42.3.b.1,56.42.3.2,,14A3,,,,56,42,3,"[2, 2]",3,0,"[-4, -8, -16]","[[2, 18], [7, 6]]",False,True,True,"[[2, 1], [1, 1]]",3,0,False,"[[10, 15, 1, 6], [12, 3, 33, 37], [13, 44, 9, 19], [15, 22, 36, 25]]"
56.56.3.b.1,56.56.3.2,,14C3,,,,56,56,3,"[2, 2]",4,1,[],"[[2, 18], [7, 6]]",False,True,True,"[[2, 1], [1, 1]]",3,2,False,"[[7, 51, 9, 52], [26, 41, 55, 35], [39, 37, 11, 24], [45, 47, 10, 53]]"
60.60.3.bs.1,60.60.3.26,,15C3,,,,60,60,3,"[2, 4]",4,0,[],"[[2, 8], [3, 6], [5, 6]]",False,True,True,"[[1, 1, 1], [1, 1, 1]]",1,0,,"[[11, 31, 16, 49], [19, 22, 47, 25], [41, 54, 9, 13], [50, 37, 13, 10], [56, 39, 9, 8]]"
60.60.3.cb.1,60.60.3.25,,30H3,,,,60,60,3,"[2, 3]",2,0,[-28],"[[2, 8], [3, 6], [5, 6]]",False,True,True,"[[1, 1, 1], [1, 1, 1]]",1,0,False,"[[1, 57, 42, 47], [3, 31, 58, 57], [16, 7, 31, 59], [17, 48, 48, 41], [27, 41, 5, 48]]"
60.80.3.f.1,60.80.3.6,,20O3,,,,60,80,3,"[4, 4]",4,0,[],"[[2, 12], [3, 2], [5, 6]]",False,True,True,"[[1, 1, 1], [1, 1, 1]]",3,0,True,"[[9, 34, 34, 31], [22, 33, 53, 41], [45, 17, 58, 15], [45, 41, 29, 20]]"
60.90.3.h.1,60.90.3.8,,15H3,,,,60,90,3,"[3, 4]",6,0,[],"[[2, 8], [3, 6], [5, 6]]",False,True,True,"[[1, 1, 1], [1, 1, 1]]",1,0,,"[[2, 5, 55, 32], [5, 21, 12, 55], [7, 25, 40, 53], [45, 31, 56, 15], [59, 45, 0, 49]]"
60.96.3.bk.1,60.96.3.252,,12K3,,,,60,96,3,"[2, 2]",12,0,[],"[[2, 12], [3, 3], [5, 6]]",False,True,True,"[[1, 2], [1, 1]]",3,2,,"[[7, 8, 0, 23], [11, 58, 51, 11], [43, 42, 6, 1], [53, 0, 6, 13]]"
60.192.3-60.bk.1.1,60.192.3.1103,,12K3,,,,60,192,3,"[2, 2]",12,0,[],"[[2, 12], [3, 3], [5, 6]]",False,True,False,"[[1, 2], [1, 1]]",,2,,"[[17, 24, 15, 49], [29, 36, 21, 17], [49, 26, 57, 25]]"
60.192.3-60.bk.1.2,60.192.3.1082,,12K3,,,,60,192,3,"[2, 2]",12,0,[],"[[2, 12], [3, 3], [5, 6]]",False,True,False,"[[1, 2], [1, 1]]",,2,,"[[5, 4, 57, 13], [5, 12, 9, 29], [13, 58, 30, 47]]"
60.192.3-60.bk.1.3,60.192.3.1100,,12K3,,,,60,192,3,"[2, 2]",12,0,[],"[[2, 12], [3, 3], [5, 6]]",False,True,False,"[[1, 2], [1, 1]]",,2,,"[[7, 14, 33, 7], [13, 0, 45, 29], [41, 2, 9, 1]]"
60.192.3-60.bk.1.4,60.192.3.1085,,12K3,,,,60,192,3,"[2, 2]",12,0,[],"[[2, 12], [3, 3], [5, 6]]",False,True,False,"[[1, 2], [1, 1]]",,2,,"[[17, 36, 24, 25], [59, 22, 57, 59], [59, 24, 27, 35]]"
60.192.3-60.bk.1.5,60.192.3.1096,,12K3,,,,60,192,3,"[2, 2]",12,0,[],"[[2, 12], [3, 3], [5, 6]]",False,True,False,"[[1, 2], [1, 1]]",,2,,"[[1, 30, 24, 59], [35, 38, 39, 59], [59, 32, 36, 7]]"
60.192.3-60.bk.1.6,60.192.3.1077,,12K3,,,,60,192,3,"[2, 2]",12,0,[],"[[2, 12], [3, 3], [5, 6]]",False,True,False,"[[1, 2], [1, 1]]",,2,,"[[25, 34, 6, 19], [35, 12, 39, 31], [43, 18, 33, 7]]"
60.192.3-60.bk.1.7,60.192.3.1091,,12K3,,,,60,192,3,"[2, 2]",12,0,[],"[[2, 12], [3, 3], [5, 6]]",False,True,False,"[[1, 2], [1, 1]]",,2,,"[[25, 32, 9, 49], [41, 38, 24, 11], [49, 8, 42, 5]]"
60.192.3-60.bk.1.8,60.192.3.1074,,12K3,,,,60,192,3,"[2, 2]",12,0,[],"[[2, 12], [3, 3], [5, 6]]",False,True,False,"[[1, 2], [1, 1]]",,2,,"[[1, 18, 30, 11], [31, 26, 36, 25], [49, 42, 45, 37]]"
